,Name,Type,Latitude,Longitude,Town
0,KA SHING COURT (ND130),Bus,22.492391,114.133564,Fanling
1,Green minibus stop (1110),Green Minibus,22.48319101723004,114.139384880824,Fanling
2,Green minibus stop (1096),Green Minibus,22.484537925792523,114.14587576856415,Fanling
3,Green minibus stop (849),Green Minibus,22.486677625316062,114.14333900167526,Fanling
4,Green minibus stop (848),Green Minibus,22.48826638601709,114.14060794544191,Fanling
5,Green minibus stop (847),Green Minibus,22.487065309288,114.14046249383834,Fanling
6,Green minibus stop (846),Green Minibus,22.48618036229069,114.1406084884275,Fanling
7,Green minibus stop (845),Green Minibus,22.486017464821053,114.13908287652092,Fanling
8,Green minibus stop (844),Green Minibus,22.487219257251223,114.14242541433396,Fanling
9,Green minibus stop (616),Green Minibus,22.499011468314094,114.13603747569417,Fanling
10,Green minibus stop (615),Green Minibus,22.495788479090123,114.139595291448,Fanling
11,Green minibus stop (613),Green Minibus,22.495942024974173,114.13972158741706,Fanling
12,Green minibus stop (612),Green Minibus,22.498930485905163,114.13720371282336,Fanling
13,Green minibus stop (609),Green Minibus,22.495391525768696,114.14129608234587,Fanling
14,Green minibus stop (608),Green Minibus,22.50050277997541,114.14152802173726,Fanling
15,Green minibus stop (607),Green Minibus,22.50088210522847,114.14175145281575,Fanling
16,Green minibus stop (604),Green Minibus,22.49667387622357,114.14145124734216,Fanling
17,Green minibus stop (603),Green Minibus,22.49822735805777,114.14262677810652,Fanling
18,Green minibus stop (602),Green Minibus,22.4929707398026,114.13850762644957,Fanling
19,Green minibus stop (601),Green Minibus,22.49247446779717,114.14022784811507,Fanling
20,Green minibus stop (600),Green Minibus,22.50028661420865,114.1442006751284,Fanling
21,Green minibus stop (599),Green Minibus,22.49155322222264,114.13959642504896,Fanling
22,FAN LENG LAU ROAD (ND565),Bus,22.500752,114.14017,Fanling
23,FANLING STATION BBI - FANLING STATION (C1) (ND496),Bus,22.491702,114.13936,Fanling
24,Green minibus stop (1122),Green Minibus,22.495274573914145,114.14336608667402,Fanling
25,Green minibus stop (1268),Green Minibus,22.482242987357186,114.14009449729672,Fanling
26,Green minibus stop (1269),Green Minibus,22.48407597702868,114.13929718606738,Fanling
27,Green minibus stop (1270),Green Minibus,22.48620702793,114.1387621457393,Fanling
28,Green minibus stop (2901),Green Minibus,22.501243915889635,114.14459891338312,Fanling
29,Green minibus stop (2225),Green Minibus,22.50231853811825,114.14462782032882,Fanling
30,Green minibus stop (2219),Green Minibus,22.5016416138675,114.1464550804664,Fanling
31,Green minibus stop (1691),Green Minibus,22.484537923925647,114.14586605112405,Fanling
32,Green minibus stop (1690),Green Minibus,22.482730235290006,114.13840355609024,Fanling
33,Green minibus stop (1674),Green Minibus,22.49304295521381,114.13839099015148,Fanling
34,Green minibus stop (1673),Green Minibus,22.49303396876283,114.13857563526383,Fanling
35,Green minibus stop (1672),Green Minibus,22.49831783528944,114.14345282007034,Fanling
36,Green minibus stop (1670),Green Minibus,22.500891141966594,114.14178060628274,Fanling
37,Green minibus stop (1618),Green Minibus,22.497505020837888,114.14307399965496,Fanling
38,Green minibus stop (1533),Green Minibus,22.497801904251897,114.1380981240514,Fanling
39,FAN LENG LAU TSUEN (ND291),Bus,22.49701,114.141249,Fanling
40,Green minibus stop (1532),Green Minibus,22.495626307499897,114.14125714950993,Fanling
41,Green minibus stop (1320),Green Minibus,22.48280271410002,114.13940441992568,Fanling
42,Green minibus stop (1319),Green Minibus,22.48513401250504,114.14629348771,Fanling
43,Green minibus stop (1318),Green Minibus,22.490958486056027,114.1455730856528,Fanling
44,Green minibus stop (1317),Green Minibus,22.497730611720943,114.14227703925918,Fanling
45,Green minibus stop (1316),Green Minibus,22.482396791606774,114.1413771390772,Fanling
46,Green minibus stop (1283),Green Minibus,22.49080358362856,114.13910101391666,Fanling
47,Green minibus stop (1282),Green Minibus,22.491172875468244,114.13522347045723,Fanling
48,Green minibus stop (1281),Green Minibus,22.49237347314029,114.13353218174318,Fanling
49,Green minibus stop (1273),Green Minibus,22.491957998787694,114.13325049027408,Fanling
50,Green minibus stop (1272),Green Minibus,22.490956130780845,114.13516522794588,Fanling
51,Green minibus stop (1271),Green Minibus,22.490559735433205,114.13898446571676,Fanling
52,Green minibus stop (1512),Green Minibus,22.48404994018432,114.1441364613558,Fanling
53,Green minibus stop (2902),Green Minibus,22.50045763015009,114.14153775175096,Fanling
54,FANLING STATION BBI - FANLING STATION (C1) (ND495),Bus,22.491849,114.139192,Fanling
55,SWALLOW GARDEN (ND180),Bus,22.495196,114.137227,Fanling
56,WO HING TSUEN (ND160),Bus,22.484599,114.144319,Fanling
57,Wah Sum Estate (ND139),Bus,22.485511,114.142649,Fanling
58,KING SHING COURT (ND136),Bus,22.487472,114.140579,Fanling
59,CHING KOK LIN ASSN.SCHOOL (ND385),Bus,22.487178,114.142431,Fanling
60,TONG HANG (ND247),Bus,22.490878,114.145976,Fanling
61,FANLING CENTRE (ND187),Bus,22.491181,114.142627,Fanling
62,FANLING STATION BBI - CHEUNG WAH ESTATE (A1),Bus,22.492466,114.140389,Fanling
63,FANLING FIRE STATION (ND555),Bus,22.494104,114.140097,Fanling
64,LOK WO STREET FANLING (ND552),Bus,22.497002,114.142831,Fanling
65,WAH MING ESTATE BUS TERMINUS(B3) (ND981),Bus,22.484213,114.141463,Fanling
66,YAN SHING COURT (ND395),Bus,22.487155,114.140452,Fanling
67,DAWNING VIEWS (ND151),Bus,22.486635,114.143349,Fanling
68,TONG HANG (ND450),Bus,22.490759,114.145622,Fanling
69,FANLING CENTRE (ND470),Bus,22.490874,114.142257,Fanling
70,FANLING STATION BBI - FANLING TOWN CENTRE (B1),Bus,22.492576,114.139786,Fanling
71,FANLING FIRE STATION (ND260),Bus,22.494199,114.139916,Fanling
72,FAN LENG LAU (ND261),Bus,22.495982,114.141578,Fanling
73,LUEN WO HUI PLAYGROUND (ND263),Bus,22.497484,114.14307,Fanling
74,LUEN WO HUI BUS TERMINUS (ND965),Bus,22.500346,114.143625,Fanling
75,UNION PLAZA (ND561),Bus,22.500489,114.142725,Fanling
76,FAN LENG LAU ROAD (ND293),Bus,22.500637,114.14001,Fanling
77,NOBLE HILL (ND570),Bus,22.502943,114.136631,Fanling
78,NOBLE HILL (ND255),Bus,22.503324,114.136614,Fanling
79,WO HOP SHEK (ND880),Bus,22.482439,114.143218,Fanling
80,WAH MING ESTATE BUS TERMINUS(B2) (ND982),Bus,22.484341,114.141287,Fanling
81,YAN SHING COURT (ND394),Bus,22.487137,114.140405,Fanling
82,DAWNING VIEWS (ND152),Bus,22.486567,114.143489,Fanling
83,NORTH DISTRICT PARK SOUTH GATE (ND179),Bus,22.497712,114.132805,Fanling
84,FANLING STATION BBI - FANLING STATION(D1) (ND133),Bus,22.491067,114.13887,Fanling
85,KEI SAN SECONDARY SCHOOL (ND132),Bus,22.491214,114.13496,Fanling
86,KA SHING COURT (ND129),Bus,22.492501,114.133562,Fanling
87,GREEN CODE (ND265),Bus,22.500694,114.14611,Fanling
88,FANLING STATION BBI - FANLING TOWN CENTRE (B1),Bus,22.492917,114.139583,Fanling
89,ON LOK TSUEN (ND551),Bus,22.499857,114.145735,Fanling
90,FANLING STATION BBI - FUNG YING SEEN KOON (D2),Bus,22.491,114.138482,Fanling
91,FLORA PLAZA (ND391),Bus,22.485231,114.142756,Fanling
92,KA SHING COURT (ND401),Bus,22.492093,114.13324,Fanling
93,CHI FUK CIRCUIT FANLING (ND411),Bus,22.493251,114.136205,Fanling
94,FANLING STATION BBI - CHEUNG WAH ESTATE (A1),Bus,22.492466,114.140389,Fanling
95,KEI SAN SECONDARY SCHOOL (ND399),Bus,22.490943,114.135133,Fanling
96,YAN SHING COURT (ND396),Bus,22.487197,114.140384,Fanling
97,WAH MING BBI(C2) (ND989),Bus,22.484557,114.141194,Fanling
98,WO HOP SHEK (ND883),Bus,22.482439,114.143218,Fanling
99,NORTH DISTRICT PARK NORTH GATE (ND453),Bus,22.499589,114.135119,Fanling
100,FANLING LAW COURTS BUILDING (ND452),Bus,22.495489,114.13987,Fanling
101,RHENISH CHURCH SECONDARY SCHOOL (ND567),Bus,22.497188,114.141291,Fanling
102,YIU MING HOUSE WAH MING ESTATE (ND378),Bus,22.482476,114.141439,Fanling
103,HONG MING HOUSE WAH MING ESTATE (ND376),Bus,22.483854,114.139461,Fanling
104,YAN FAI HOUSE YAN SHING COURT (ND375),Bus,22.486277,114.138985,Fanling
105,WO HING TSUEN (ND370),Bus,22.484716,114.146218,Fanling
106,WO HOP SHEK WO HING TSUEN (ND205),Bus,22.485128,114.14636,Fanling
107,FANLING STATION BBI-FUNG YING SEEN KOON(D2),Bus,22.491045,114.138414,Fanling
108,Green minibus stop (2903),Green Minibus,22.4926550359562,114.1400528764849,Fanling
109,ALLIANCE PRIMARY SCHOOL SHEUNG SHUI (ND296),Bus,22.500807,114.14261,Fanling
110,Green minibus stop (2905),Green Minibus,22.49913934057085,114.1422183784974,Fanling
111,LOK WO STREET (ND553),Bus,22.49698,114.142814,Fanling
112,LUEN WO HUI BUS TERMINUS (ND967),Bus,22.500471,114.143622,Fanling
113,CHI FUK CIRCUIT (ND410),Bus,22.493014,114.136124,Fanling
114,WAH MING ESTATE BUS TERMINUS(B1) (ND983),Bus,22.4845,114.141025,Fanling
115,YAN SHING COURT (ND392),Bus,22.486987,114.140504,Fanling
116,WAH MING BBI(C6) (ND985),Bus,22.48425,114.141642,Fanling
117,LUEN WO HUI BUS TERMINUS (ND962),Bus,22.500346,114.143625,Fanling
118,WO HOP SHEK (ND881),Bus,22.482439,114.143218,Fanling
119,WAH MING BBI(C5) (ND986),Bus,22.48435,114.141503,Fanling
120,UNION PLAZA (ND560),Bus,22.500489,114.142725,Fanling
121,Green minibus stop (2904),Green Minibus,22.493033952596058,114.1385076090364,Fanling
122,LUEN WO HUI BUS TERMINUS (ND961),Bus,22.500346,114.143625,Fanling
123,LUEN WO HUI BUS TERMINUS (ND968),Bus,22.500346,114.143625,Fanling
124,CHEONG SHING COURT (ND161),Bus,22.483813,114.139244,Fanling
125,FANLING (FAI MING ROAD) (ND995),Bus,22.482008,114.13795,Fanling
126,WAH MING BBI(C3) (ND988),Bus,22.484467,114.141322,Fanling
127,PAK FUK TIN SUM PLAYGROUND (ND150),Bus,22.488346,114.140923,Fanling
128,WAH MING ESTATE BUS TERMINUS(A1) (ND980),Bus,22.484376,114.140963,Fanling
129,Fanling,MTR,22.492073,114.138691,Fanling
130,LUEN WO HUI BUS TERMINUS (ND963),Bus,22.500346,114.143625,Fanling
131,FANLING STATION BBI - FANLING TOWN CENTRE (B1),Bus,22.492326,114.14007,Fanling
132,LUEN WO HUI BUS TERMINUS (ND960),Bus,22.500346,114.143625,Fanling
133,LUEN WO HUI BUS TERMINUS (ND964),Bus,22.500346,114.143625,Fanling
134,FANLING CENTRE (ND186),Bus,22.491037,114.142129,Fanling
135,TONG HANG (ND248),Bus,22.490774,114.146072,Fanling
136,FLORA PLAZA (ND390),Bus,22.485231,114.142756,Fanling
137,FANLING STATION BBI-FANLING STATION (ND497),Bus,22.492376,114.13883,Fanling
138,NOBLE HILL (ND570),Bus,22.502943,114.136631,Fanling
139,FAN LENG LAU ROAD (ND293),Bus,22.500637,114.14001,Fanling
140,FAN LENG LAU TSUEN (ND291),Bus,22.49701,114.141249,Fanling
141,YIU MING HOUSE WAH MING ESTATE (ND378),Bus,22.482476,114.141439,Fanling
142,HONG MING HOUSE WAH MING ESTATE (ND376),Bus,22.483854,114.139461,Fanling
143,WAH MING BBI(C1) (ND990),Bus,22.484557,114.141194,Fanling
144,FANLING STATION BBI-CHEUNG WAH ESTATE(A1) (ND183),Bus,22.49236,114.140507,Fanling
145,SWALLOW GARDEN (ND181),Bus,22.495196,114.137227,Fanling
146,NORTH DISTRICT PARK SOUTH GATE (ND178),Bus,22.497712,114.132805,Fanling
147,FANLING SWIMMING POOL (ND476),Bus,22.495367,114.136531,Fanling
148,LUEN WO HUI PLAYGROUND (ND264),Bus,22.497622,114.14321,Fanling
149,FAN LENG LAU (ND262),Bus,22.496036,114.141638,Fanling
150,FANLING CENTRE (ND471),Bus,22.490874,114.142257,Fanling
151,TONG HANG (ND451),Bus,22.490691,114.145682,Fanling
152,WAH SUM ESTATE (ND140),Bus,22.48549,114.142806,Fanling
153,KING SHING COURT (ND137),Bus,22.4874,114.140608,Fanling
154,FANLING STATION BBI - FANLING STATION (D1) (ND135),Bus,22.490938,114.139024,Fanling
155,CHI FUK CIRCUIT FANLING (ND413),Bus,22.493014,114.136124,Fanling
156,KA SHING COURT (ND402),Bus,22.4921,114.133276,Fanling
157,CHI FUK CIRCUIT FANLING (ND412),Bus,22.493014,114.136124,Fanling
158,KEI SAN SECONDARY SCHOOL (ND400),Bus,22.490926,114.135051,Fanling
159,YAN SHING COURT (ND393),Bus,22.487055,114.140447,Fanling
160,WAH MING BBI(C4) (ND987),Bus,22.484411,114.14141,Fanling
161,WAH SUM ESTATE (ND141),Bus,22.485511,114.142649,Fanling
162,FANLING FIRE STATION (ND554),Bus,22.494172,114.140143,Fanling
163,Green minibus stop (4523),Green Minibus,22.485386195814836,114.14295061249337,Fanling
164,FANLING SWIMMING POOL (ND475),Bus,22.495367,114.136531,Fanling
165,WAH MING BBI(C7) (ND984),Bus,22.48425,114.141642,Fanling
166,FANLING LUTHERAN SECONDARY SCHOOL (ND245),Bus,22.498666,114.137614,Fanling
167,"PIK FUNG ROAD-FANLING, LAW COURTS BUILDING (ND246)",Bus,22.495656,114.140069,Fanling
168,LUEN WO HUI BUS TERMINUS (ND966),Bus,22.500346,114.143625,Fanling
169,FANLING STATION BBI - CHEUNG WAH ESTATE (A1),Bus,22.49236,114.140507,Fanling
170,Green minibus stop (3601),Green Minibus,22.499988930043063,114.14581401920168,Fanling
171,CHEUNG WAH BUS TERMINUS (ND956),Bus,22.492515,114.141338,Fanling
172,KA SHING COURT (ND128),Bus,22.492421,114.133535,Fanling
173,FANLING STATION BBI - FANLING STATION (D1) (ND134),Bus,22.490997,114.138959,Fanling
174,KING SHING COURT (ND138),Bus,22.487331,114.140641,Fanling
175,Green minibus stop (3600),Green Minibus,22.50088225611241,114.14245119065366,Fanling
176,Green minibus stop (3599),Green Minibus,22.500457587441545,114.141343380724,Fanling
177,Green minibus stop (3598),Green Minibus,22.49683638696668,114.14128599492336,Fanling
178,Green minibus stop (3597),Green Minibus,22.494787006753125,114.14372577574366,Fanling
179,Green minibus stop (4524),Green Minibus,22.491121004944763,114.1454272806377,Fanling
180,Green minibus stop (3591),Green Minibus,22.50071067038503,114.14241235879616,Fanling
181,Green minibus stop (3602),Green Minibus,22.49689089262688,114.1427825996227,Fanling
182,Green minibus stop (4521),Green Minibus,22.49290694799484,114.13614616415325,Fanling
183,Green minibus stop (3606),Green Minibus,22.487245895443227,114.14036527035192,Fanling
184,Green minibus stop (3607),Green Minibus,22.490695164026345,114.1388678144408,Fanling
185,Green minibus stop (3608),Green Minibus,22.49303396645505,114.13856591723136,Fanling
186,Green minibus stop (3609),Green Minibus,22.49590630751449,114.1415194702176,Fanling
187,Green minibus stop (3610),Green Minibus,22.50069261790592,114.14245123753784,Fanling
188,Green minibus stop (3687),Green Minibus,22.487291525354028,114.14254200805615,Fanling
189,Green minibus stop (3688),Green Minibus,22.49560797387416,114.1400423775654,Fanling
190,Green minibus stop (3827),Green Minibus,22.49559920986983,114.14122800180252,Fanling
191,Green minibus stop (3828),Green Minibus,22.500222741400023,114.14109075873162,Fanling
192,Green minibus stop (4025),Green Minibus,22.49538244159724,114.14105312973264,Fanling
193,Green minibus stop (4026),Green Minibus,22.500440158370665,114.144336698812,Fanling
194,Green minibus stop (4033),Green Minibus,22.49285337000521,114.13861455700685,Fanling
195,Green minibus stop (4034),Green Minibus,22.495409534945267,114.14106284096324,Fanling
196,Green minibus stop (4035),Green Minibus,22.49612371583669,114.14476531028508,Fanling
197,Green minibus stop (4450),Green Minibus,22.499518585658883,114.1420725068138,Fanling
198,Green minibus stop (4522),Green Minibus,22.487309165259305,114.14061791224536,Fanling
199,Green minibus stop (3605),Green Minibus,22.48520554873015,114.1427660242197,Fanling
200,Green minibus stop (3589),Green Minibus,22.50293079446049,114.1365805745458,Fanling
201,Green minibus stop (3603),Green Minibus,22.49478704459198,114.14391042069818,Fanling
202,Green minibus stop (3587),Green Minibus,22.500828858509923,114.14634835365374,Fanling
203,Green minibus stop (3586),Green Minibus,22.494208228970056,114.1398969760199,Fanling
204,Green minibus stop (3584),Green Minibus,22.49086820085924,114.14567028476183,Fanling
205,Green minibus stop (3580),Green Minibus,22.49036258786074,114.14613685466776,Fanling
206,Green minibus stop (3585),Green Minibus,22.49086753834929,114.1424147943458,Fanling
207,Green minibus stop (3578),Green Minibus,22.494072775228485,114.13990673008873,Fanling
208,Green minibus stop (3577),Green Minibus,22.4968005742813,114.1427145936567,Fanling
209,Green minibus stop (2960),Green Minibus,22.49745082215884,114.1429962660738,Fanling
210,Green minibus stop (2910),Green Minibus,22.498101077587982,114.14331681466771,Fanling
211,Green minibus stop (3579),Green Minibus,22.491120439248128,114.14264796138238,Fanling
212,Green minibus stop (3588),Green Minibus,22.50058371849728,114.14003134284992,Fanling
213,PING KONG (ND590),Bus,22.498017,114.123002,Sheung Shui
214,CHING HO ESTATE BUS TERMINUS (ND936),Bus,22.495159,114.128471,Sheung Shui
215,NG UK VILLAGE (ND405),Bus,22.49661,114.127554,Sheung Shui
216,GLAMOUR GARDEN (ND403),Bus,22.495493,114.130967,Sheung Shui
217,FAN KAM ROAD (ND584),Bus,22.499395,114.122767,Sheung Shui
218,SHEUNG SHUI BBI - SHEUNG SHUI TERMINUS (A2),Bus,22.502744,114.127704,Sheung Shui
219,TIN PING ESTATE BUS TERMINUS (ND952),Bus,22.503577,114.133906,Sheung Shui
220,CHING HO ESTATE (ND415),Bus,22.494671,114.127659,Sheung Shui
221,SHEUNG SHUI BBI - SHEUNG SHUI STATION(B3) (ND482),Bus,22.502406,114.127082,Sheung Shui
222,TIN YEE HOUSE TIN PING ESTATE (ND335),Bus,22.504778,114.131439,Sheung Shui
223,TIN PING ESTATE BUS TERMINUS (ND950),Bus,22.503533,114.13385,Sheung Shui
224,LUNG SUM AVENUE SPORTS CENTRE (ND231),Bus,22.505047,114.131189,Sheung Shui
225,SHEUNG SHUI BBI - SHEUNG SHUI STATION(B4) (ND481),Bus,22.502052,114.12731,Sheung Shui
226,SHEUNG SHUI BBI - SHEUNG SHUI TERMINUS (A1),Bus,22.502744,114.127704,Sheung Shui
227,SHEUNG SHUI BBI - SHEUNG SHUI TERMINUS (A2),Bus,22.502434,114.127853,Sheung Shui
228,SHEUNG SHUI BBI - SHEUNG SHUI TERMINUS (A1),Bus,22.502744,114.128222,Sheung Shui
229,"TAI PING BUS TERMINUS, NORTH DISTRICT HOSPITAL",Bus,22.497528,114.125221,Sheung Shui
230,CHEERFUL PARK (ND126),Bus,22.495428,114.131869,Sheung Shui
231,8 ROYAL GREEN (ND117),Bus,22.49568,114.128132,Sheung Shui
232,ROYAL GREEN (ND115),Bus,22.494589,114.126142,Sheung Shui
233,CHEUNG LUNG WAI ESTATE (ND110),Bus,22.495937,114.125205,Sheung Shui
234,SHEUNG SHUI BBI - SHEUNG SHUI STATION(D2) (ND106),Bus,22.500883,114.127921,Sheung Shui
235,CHOI YUEN BUS TERMINUS (ND920),Bus,22.500849,114.125625,Sheung Shui
236,CHOI FAI STREET SHEUNG SHUI (ND101),Bus,22.503847,114.123463,Sheung Shui
237,PING KONG (ND346),Bus,22.497894,114.122666,Sheung Shui
238,Green minibus stop (4722),Green Minibus,22.50213383236661,114.12828106258786,Sheung Shui
239,CHOI NGAN HOUSE CHOI PO COURT (ND436),Bus,22.501266,114.123741,Sheung Shui
240,SHEUNG SHUI STATION (ND480),Bus,22.50214,114.127427,Sheung Shui
241,SHEUNG SHUI BBI - SHEUNG SHUI BUS TERMINUS (A2),Bus,22.502744,114.127704,Sheung Shui
242,SO KWUN PO VILLAGE (ND177),Bus,22.499824,114.130338,Sheung Shui
243,SHEUNG SHUI STATION (ND478),Bus,22.502004,114.127596,Sheung Shui
244,SHEUNG SHUI BBI - SHEUNG SHUI BUS TERMINUS (A1),Bus,22.502744,114.127704,Sheung Shui
245,SO KWUN PO VILLAGE (ND175),Bus,22.499824,114.130338,Sheung Shui
246,GLAMOUR GARDEN (ND404),Bus,22.495327,114.131373,Sheung Shui
247,CHEERFUL PARK (ND127),Bus,22.495511,114.131655,Sheung Shui
248,TSANG MUI MILLENNIUM SCHOOL (ND417),Bus,22.494309,114.125098,Sheung Shui
249,ROYAL GREEN (ND115),Bus,22.494589,114.126142,Sheung Shui
250,8 ROYAL GREEN (ND117),Bus,22.49568,114.128132,Sheung Shui
251,SHEUNG SHUI BBI - SHEUNG SHUI BUS TERMINUS(A1),Bus,22.502744,114.127704,Sheung Shui
252,SHEUNG SHUI BBI - SHEUNG SHUI TERMINUS (A1),Bus,22.502529,114.12768,Sheung Shui
253,LANDMARK NORTH,Bus,22.502562,114.127682,Sheung Shui
254,CHING HO ESTATE (ND415),Bus,22.494671,114.127659,Sheung Shui
255,SHEUNG SHUI BBI - SHEUNG SHUI TERMINUS (A4),Bus,22.502744,114.127704,Sheung Shui
256,SHEUNG SHUI BBI - SHEUNG SHUI TERMINUS (A3),Bus,22.502607,114.127861,Sheung Shui
257,SHEUNG SHUI BBI - SHEUNG SHUI STATION(B1) (ND484),Bus,22.502171,114.127188,Sheung Shui
258,CICTA TRAINING CENTRE (ND330),Bus,22.5093,114.128273,Sheung Shui
259,SHEUNG SHUI BBI - SHEUNG SHUI TERMINUS (A4),Bus,22.502536,114.128204,Sheung Shui
260,CHING HO ESTATE BUS TERMINUS (ND937),Bus,22.494746,114.128121,Sheung Shui
261,CHING HO ESTATE BUS TERMINUS (ND938),Bus,22.494629,114.128045,Sheung Shui
262,CHOI YUEN BUS TERMINUS (ND922),Bus,22.500849,114.125625,Sheung Shui
263,"TAI PING BUS TERMINUS, NORTH DISTRICT HOSPITAL",Bus,22.497528,114.125221,Sheung Shui
264,"TAI PING BUS TERMINUS, NORTH DISTRICT HOSPITAL",Bus,22.497528,114.125221,Sheung Shui
265,ELEGANTIA COLLEGE (ND422),Bus,22.49361,114.124466,Sheung Shui
266,ELEGANTIA COLLEGE (ND421),Bus,22.493441,114.124477,Sheung Shui
267,CHING HO ESTATE BUS TERMINUS (ND935),Bus,22.494584,114.12819,Sheung Shui
268,SHEUNG SHUI BBI - SHEUNG SHUI STATION(B2) (ND483),Bus,22.5021,114.127258,Sheung Shui
269,SHEUNG SHUI BBI - SHEUNG SHUI TERMINUS (A3),Bus,22.502573,114.127769,Sheung Shui
270,SHEUNG SHUI BBI - SHEUNG SHUI TERMINUS (A5),Bus,22.502744,114.127704,Sheung Shui
271,"TAI PING BUS TERMINUS, NORTH DISTRICT HOSPITAL",Bus,22.49794,114.125292,Sheung Shui
272,CHOI YUEN BUS TERMINUS (ND921),Bus,22.500924,114.12562,Sheung Shui
273,TSUI LAI GARDEN (ND945),Bus,22.507247,114.12862,Sheung Shui
274,CHOI PIK HOUSE CHOI PO COURT (ND432),Bus,22.502456,114.125148,Sheung Shui
275,SHEUNG SHUI GOVERNMENT SECONDARY SCHOOL (ND125),Bus,22.496312,114.128526,Sheung Shui
276,SHEUNG SHUI BBI - SHEUNG SHUI STATION(D1) (ND107),Bus,22.500883,114.127921,Sheung Shui
277,Green minibus stop (2254),Green Minibus,22.50117519533741,114.12379140379792,Sheung Shui
278,Green minibus stop (2233),Green Minibus,22.501620048688167,114.1315369836954,Sheung Shui
279,Green minibus stop (2228),Green Minibus,22.50090637453212,114.13057507648725,Sheung Shui
280,Green minibus stop (2224),Green Minibus,22.50525925341212,114.13139001497392,Sheung Shui
281,Green minibus stop (2223),Green Minibus,22.503036768183318,114.12794059176797,Sheung Shui
282,Green minibus stop (2222),Green Minibus,22.50184465346604,114.12760085821674,Sheung Shui
283,Green minibus stop (2259),Green Minibus,22.501527280975893,114.12348999214764,Sheung Shui
284,Green minibus stop (2221),Green Minibus,22.50509674755629,114.13153585121098,Sheung Shui
285,Green minibus stop (1579),Green Minibus,22.50382206560892,114.12681293652972,Sheung Shui
286,Green minibus stop (1535),Green Minibus,22.502982998861004,114.129320669928,Sheung Shui
287,Green minibus stop (1534),Green Minibus,22.50329967343446,114.13143924911478,Sheung Shui
288,Green minibus stop (1531),Green Minibus,22.494556672155216,114.12613599875417,Sheung Shui
289,Green minibus stop (1280),Green Minibus,22.495461375834285,114.13173335327257,Sheung Shui
290,Green minibus stop (1279),Green Minibus,22.49646272058241,114.12819557770824,Sheung Shui
291,Green minibus stop (2220),Green Minibus,22.502975469254253,114.1347145659692,Sheung Shui
292,SHEUNG SHUI BBI - SHEUNG SHUI STATION(C1) (ND430),Bus,22.501272,114.127302,Sheung Shui
293,Green minibus stop (2266),Green Minibus,22.501545341751036,114.1234899852204,Sheung Shui
294,Green minibus stop (2622),Green Minibus,22.50378593802925,114.12679351195882,Sheung Shui
295,Green minibus stop (4629),Green Minibus,22.50185389034606,114.12828116032004,Sheung Shui
296,Green minibus stop (4628),Green Minibus,22.50362338806808,114.12678385167936,Sheung Shui
297,Green minibus stop (4627),Green Minibus,22.503921763707183,114.12799859336717,Sheung Shui
298,Green minibus stop (4626),Green Minibus,22.50365910587244,114.12550096063958,Sheung Shui
299,Green minibus stop (4623),Green Minibus,22.508561768635477,114.12294302299568,Sheung Shui
300,Green minibus stop (4616),Green Minibus,22.502620430851323,114.1249376593543,Sheung Shui
301,Green minibus stop (2267),Green Minibus,22.490699570016247,114.1226875607322,Sheung Shui
302,Green minibus stop (3787),Green Minibus,22.50669354551831,114.12622876438748,Sheung Shui
303,Green minibus stop (3779),Green Minibus,22.502124622194263,114.12768822710969,Sheung Shui
304,Green minibus stop (3590),Green Minibus,22.503939762468697,114.12779449237384,Sheung Shui
305,Green minibus stop (3575),Green Minibus,22.50318104044087,114.12724079170086,Sheung Shui
306,Green minibus stop (4725),Green Minibus,22.50366853999661,114.12678383542872,Sheung Shui
307,Green minibus stop (3316),Green Minibus,22.503083805912286,114.13460762707334,Sheung Shui
308,Green minibus stop (2626),Green Minibus,22.50395748512968,114.12669626227807,Sheung Shui
309,Green minibus stop (3780),Green Minibus,22.503731722467407,114.12668662489598,Sheung Shui
310,Green minibus stop (1277),Green Minibus,22.49460233845125,114.1277977843154,Sheung Shui
311,Green minibus stop (1278),Green Minibus,22.494330681277127,114.12540722192249,Sheung Shui
312,Green minibus stop (1275),Green Minibus,22.496372322459976,114.1278846248256,Sheung Shui
313,SAN SHING AVENUE SHEUNG SHUI (ND230),Bus,22.50362,114.129768,Sheung Shui
314,FU HING STREET SHEUNG SHUI (ND455),Bus,22.504543,114.130087,Sheung Shui
315,TSUI LAI GARDEN (ND242),Bus,22.507406,114.127661,Sheung Shui
316,NORTH DISTRICT SPORT GROUND (ND243),Bus,22.50486,114.130179,Sheung Shui
317,TIN MING HOUSE TIN PING ESTATE (ND244),Bus,22.502508,114.132603,Sheung Shui
318,SUNNINGDALE GARDEN (ND454),Bus,22.501738,114.133073,Sheung Shui
319,Green minibus stop (1276),Green Minibus,22.496750767972618,114.12522167977984,Sheung Shui
320,SHEUNG SHUI BBI - SHEUNG SHUI STATION(B5) (ND479),Bus,22.501988,114.127349,Sheung Shui
321,SHEK WU HUI POST OFFICE (ND490),Bus,22.503864,114.126644,Sheung Shui
322,SHEUNG SHUI WAI (ND102),Bus,22.506883,114.126144,Sheung Shui
323,"PO SHEK WU ROAD SHEUNG SHUI, SHEUNG SHUI WAI",Bus,22.506436,114.126044,Sheung Shui
324,SHEK WU HUI POST OFFICE (ND170),Bus,22.503795,114.126836,Sheung Shui
325,TAI TAU LENG (ND100),Bus,22.50231,114.123417,Sheung Shui
326,CHOI PIK HOUSE CHOI PO COURT (ND105),Bus,22.502927,114.124698,Sheung Shui
327,SHEUNG SHUI BBI - SHEUNG SHUI TERMINUS (A1),Bus,22.502744,114.127704,Sheung Shui
328,Green minibus stop (4724),Green Minibus,22.501653699963228,114.12347050639195,Sheung Shui
329,SHEUNG SHUI BBI - SHEUNG SHUI STATION(B6) (ND477),Bus,22.501909,114.127443,Sheung Shui
330,TSANG MUI MILLENNIUM SCHOOL (ND417),Bus,22.494309,114.125098,Sheung Shui
331,Green minibus stop (1274),Green Minibus,22.495388902092216,114.1309170482261,Sheung Shui
332,Green minibus stop (1097),Green Minibus,22.50384008709382,114.12668658581843,Sheung Shui
333,Green minibus stop (617),Green Minibus,22.50178298844604,114.132955852602,Sheung Shui
334,Green minibus stop (611),Green Minibus,22.50196362794277,114.13307241948549,Sheung Shui
335,Green minibus stop (610),Green Minibus,22.503669459350878,114.12983553047418,Sheung Shui
336,NORTH DISTRICT HOSPITAL (ND426),Bus,22.496035,114.125186,Sheung Shui
337,Sheung Shui,MTR,22.50126,114.12795,Sheung Shui
338,Green minibus stop (571),Green Minibus,22.502043378328352,114.12778544243366,Sheung Shui
339,TIN PING ESTATE BUS TERMINUS (ND951),Bus,22.503533,114.13385,Sheung Shui
340,FUNG NAM ROAD (ND235),Bus,22.50787,114.130313,Sheung Shui
341,Tsui Lai Garden Block 3 (ND236),Bus,22.508852,114.129011,Sheung Shui
342,TSUI LAI GARDEN (ND241),Bus,22.507405,114.12766,Sheung Shui
343,LUNG FUNG GARDEN (ND336),Bus,22.503073,114.129594,Sheung Shui
344,SO KWUN PO VILLAGE (ND176),Bus,22.499824,114.130338,Sheung Shui
345,CHING HO ESTATE BUS TERMINUS (ND940),Bus,22.494629,114.128045,Sheung Shui
346,Green minibus stop (3317),Green Minibus,22.501971040229616,114.12747447094294,Sheung Shui
347,Green minibus stop (870),Green Minibus,22.44920413962231,114.0054538020573,Tin Shui Wai
348,Green minibus stop (868),Green Minibus,22.455120944504536,113.9988498021568,Tin Shui Wai
349,Green minibus stop (672),Green Minibus,22.45892797522369,114.00365417440509,Tin Shui Wai
350,Green minibus stop (671),Green Minibus,22.45678271985411,113.99901284359991,Tin Shui Wai
351,Green minibus stop (1009),Green Minibus,22.449644084728423,114.00307309219804,Tin Shui Wai
352,Green minibus stop (3619),Green Minibus,22.459977488792827,113.99721136467348,Tin Shui Wai
353,Green minibus stop (1298),Green Minibus,22.454520073736347,114.00266868793412,Tin Shui Wai
354,Chung Ki House Tin Chung Court,MTR Bus,22.461849,114.000382,Tin Shui Wai
355,Tin Shui Wai Town Centre,MTR Bus,22.458553,114.001415,Tin Shui Wai
356,Tin Chak Estate,MTR Bus,22.468127,113.999183,Tin Shui Wai
357,"Nang Fu House, Tin Fu Court",MTR Bus,22.465398,114.000072,Tin Shui Wai
358,"Ching Wan House, Tin Ching Estate",MTR Bus,22.463375,114.00392,Tin Shui Wai
359,"Lynwood Court, Tin Kwai Road",MTR Bus,22.460486,114.004634,Tin Shui Wai
360,"Kenswood Court, Tin Lung Road",MTR Bus,22.458987,114.005282,Tin Shui Wai
361,Tin Shui Wai Swimming Pool,MTR Bus,22.455038,114.007159,Tin Shui Wai
362,LR Tin Tsz Stop,MTR Bus,22.453358,114.00589,Tin Shui Wai
363,Tin Tsz Estate,MTR Bus,22.453279,114.006118,Tin Shui Wai
364,"Kenswood Court, Tin Shing Road",MTR Bus,22.457444,114.005577,Tin Shui Wai
365,"Maywood Court, Tin Kwai Road",MTR Bus,22.46082,114.004565,Tin Shui Wai
366,HKFYG Lee Shau Kee College,MTR Bus,22.463253,114.004136,Tin Shui Wai
367,"Ching Pik House, Tin Ching Estate",MTR Bus,22.464482,114.003129,Tin Shui Wai
368,"Yat Yeung House, Tin Yat Estate",MTR Bus,22.465511,114.00016,Tin Shui Wai
369,"Yat Tam House, Tin Yat Estate",MTR Bus,22.468098,113.999163,Tin Shui Wai
370,Tin Heng,MTR Bus,22.469006,113.999661,Tin Shui Wai
371,Tin Shui Wai Station (LR Tin Shui Wai Stop),MTR Bus,22.44654,114.0037516,Tin Shui Wai
372,LR Hang Mei Tsuen Stop,MTR Bus,22.44588903,114.00512,Tin Shui Wai
373,Tin Shing Court (MTR Tin Shui Wai Station),MTR Bus,22.44694096,114.00282,Tin Shui Wai
374,Tin Shing Court (MTR Tin Shui Wai Station),MTR Bus,22.44692696,114.003126,Tin Shui Wai
375,LR Hang Mei Tsuen Stop,MTR Bus,22.445754,114.004915,Tin Shui Wai
376,Hang Mei Tsuen,LRT,22.445852,114.005106,Tin Shui Wai
377,Tin Chung Court,MTR Bus,22.460735,113.997158,Tin Shui Wai
378,Tin Tsz,LRT,22.452722,114.006122,Tin Shui Wai
379,Tin Shui,MTR Bus,22.455322,113.998689,Tin Shui Wai
380,Tin Tsz Estate,MTR Bus,22.453288,114.006135,Tin Shui Wai
381,Tin Chak Estate,MTR Bus,22.468061,113.999058,Tin Shui Wai
382,Tin Yan Estate,MTR Bus,22.464592,113.99725,Tin Shui Wai
383,Tin Shui Wai Station (MTR Tin Shui Wai Station),MTR Bus,22.446556,114.003731,Tin Shui Wai
384,Tin Shing Court (MTR Tin Shui Wai Station),MTR Bus,22.446864,114.002819,Tin Shui Wai
385,"Yan Fu House, Tin Fu Court",MTR Bus,22.464353,113.997442,Tin Shui Wai
386,"Yat Tam House, Tin Yat Estate",MTR Bus,22.468178,113.999383,Tin Shui Wai
387,Tin Shui Wai Park,MTR Bus,22.454522,114.002736,Tin Shui Wai
388,Sherwood Court,MTR Bus,22.452539,114.002228,Tin Shui Wai
389,Tin Shui Wai Police Station,MTR Bus,22.449461,114.002956,Tin Shui Wai
390,Tin Shing Court (MTR Tin Shui Wai Station),MTR Bus,22.446897,114.002789,Tin Shui Wai
391,Tin Shing Court (MTR Tin Shui Wai Station),MTR Bus,22.446917,114.003097,Tin Shui Wai
392,LR Tin Yiu Stop,MTR Bus,22.450039,114.002836,Tin Shui Wai
393,"Yiu Shing House, Tin Yiu Estate",MTR Bus,22.452347,114.002244,Tin Shui Wai
394,Tin Shui Wai Park,MTR Bus,22.454494,114.003128,Tin Shui Wai
395,Tin Shui,MTR Bus,22.455356,113.998975,Tin Shui Wai
396,Tin Shing Court (MTR Tin Shui Wai Station),MTR Bus,22.446928,114.002891,Tin Shui Wai
397,Tin Shing Court (MTR Tin Shui Wai Station),MTR Bus,22.446839,114.00307,Tin Shui Wai
398,Tin Shui Wai Town Centre,MTR Bus,22.458332,114.001471,Tin Shui Wai
399,Tin Yuet Estate,MTR Bus,22.462045,113.999639,Tin Shui Wai
400,Tin Wah Estate,MTR Bus,22.460285,113.997021,Tin Shui Wai
401,Tin Shui,MTR Bus,22.45677,113.999096,Tin Shui Wai
402,Tin Shui Wai Park,MTR Bus,22.454616,114.002637,Tin Shui Wai
403,LR Tin Tsz Stop,MTR Bus,22.45321,114.005918,Tin Shui Wai
404,Tin Shui Wai Park,MTR Bus,22.454452,114.003146,Tin Shui Wai
405,Tin Sau,LRT,22.465541,114.002971,Tin Shui Wai
406,Locwood,LRT,22.453066,114.001205,Tin Shui Wai
407,Wetland Park,LRT,22.469601,114.002562,Tin Shui Wai
408,Green minibus stop (4038),Green Minibus,22.462550272155767,113.99642106318502,Tin Shui Wai
409,Green minibus stop (3625),Green Minibus,22.45824498983534,113.99841832830856,Tin Shui Wai
410,Green minibus stop (3624),Green Minibus,22.460374858514182,113.99723999974316,Tin Shui Wai
411,Green minibus stop (3623),Green Minibus,22.465765510110923,114.00507394442742,Tin Shui Wai
412,Green minibus stop (3622),Green Minibus,22.469871867738966,114.00276609864136,Tin Shui Wai
413,Green minibus stop (3621),Green Minibus,22.4678268453148,113.99895988665315,Tin Shui Wai
414,Green minibus stop (3620),Green Minibus,22.46429409111928,113.99727381316178,Tin Shui Wai
415,Green minibus stop (670),Green Minibus,22.45255100508728,114.0022631100792,Tin Shui Wai
416,Green minibus stop (3193),Green Minibus,22.46524550007329,114.00018740568984,Tin Shui Wai
417,Green minibus stop (3192),Green Minibus,22.46325376362508,114.00386254968588,Tin Shui Wai
418,Green minibus stop (3191),Green Minibus,22.46079592749209,114.00240823713756,Tin Shui Wai
419,Green minibus stop (3190),Green Minibus,22.456764669765946,113.99902258209455,Tin Shui Wai
420,Green minibus stop (3189),Green Minibus,22.45441181374243,114.00276597625196,Tin Shui Wai
421,Green minibus stop (3188),Green Minibus,22.45008600901642,114.0025479311978,Tin Shui Wai
422,Green minibus stop (3174),Green Minibus,22.45033365107003,114.00612275067483,Tin Shui Wai
423,Green minibus stop (3173),Green Minibus,22.458185153238784,114.0014982405444,Tin Shui Wai
424,Green minibus stop (3172),Green Minibus,22.459688406536078,114.00541176703808,Tin Shui Wai
425,Green minibus stop (3171),Green Minibus,22.464309902276963,114.00347259885812,Tin Shui Wai
426,Green minibus stop (3170),Green Minibus,22.46544428561906,114.00029403052848,Tin Shui Wai
427,Green minibus stop (3169),Green Minibus,22.468416036413966,114.00098012134195,Tin Shui Wai
428,Green minibus stop (1651),Green Minibus,22.45923598811193,113.99630876552598,Tin Shui Wai
429,Green minibus stop (1650),Green Minibus,22.45306681743643,114.00326313134534,Tin Shui Wai
430,Green minibus stop (1552),Green Minibus,22.459027515786044,113.99561922600058,Tin Shui Wai
431,Green minibus stop (4039),Green Minibus,22.468179308713093,113.99921205959936,Tin Shui Wai
432,Green minibus stop (4040),Green Minibus,22.46970032188825,114.0027954621016,Tin Shui Wai
433,Green minibus stop (4041),Green Minibus,22.462820544221135,114.0040865529564,Tin Shui Wai
434,Green minibus stop (4042),Green Minibus,22.46068088094796,114.004594423773,Tin Shui Wai
435,Tin Wu,LRT,22.454967,114.005755,Tin Shui Wai
436,Tin Yuet,LRT,22.462824,114.001663,Tin Shui Wai
437,Chestwood,LRT,22.459731,113.999542,Tin Shui Wai
438,Tin Yiu,LRT,22.450362,114.002696,Tin Shui Wai
439,Tin Wing,LRT,22.459584,114.002828,Tin Shui Wai
440,Chung Fu,LRT,22.46193,113.99702,Tin Shui Wai
441,Tin Heng,LRT,22.469705,114.00074,Tin Shui Wai
442,Tin Yat,LRT,22.46683,113.999195,Tin Shui Wai
443,Tin Fu,LRT,22.464529,113.997591,Tin Shui Wai
444,Tin Shui,LRT,22.455947,113.999437,Tin Shui Wai
445,Tin Shui Wai ,MTR,22.448215,114.004743,Tin Shui Wai
446,Green minibus stop (1144),Green Minibus,22.446790465089904,114.0030669327404,Tin Shui Wai
447,Green minibus stop (4609),Green Minibus,22.466884739620586,114.0045673235074,Tin Shui Wai
448,Green minibus stop (4571),Green Minibus,22.46203027649324,113.999822279345,Tin Shui Wai
449,Green minibus stop (4569),Green Minibus,22.44697089542112,114.00290155652296,Tin Shui Wai
450,Green minibus stop (4568),Green Minibus,22.446862718830555,114.00307655750387,Tin Shui Wai
451,Green minibus stop (4052),Green Minibus,22.46433047205909,113.99750695021864,Tin Shui Wai
452,Green minibus stop (4051),Green Minibus,22.46804401337314,113.999357975936,Tin Shui Wai
453,Green minibus stop (4050),Green Minibus,22.46923065797548,114.00271831808888,Tin Shui Wai
454,Green minibus stop (4049),Green Minibus,22.465918881844644,114.00493772982148,Tin Shui Wai
455,Green minibus stop (4048),Green Minibus,22.460500210789228,114.00453635264118,Tin Shui Wai
456,Green minibus stop (4047),Green Minibus,22.45878504650236,114.00511169398028,Tin Shui Wai
457,Green minibus stop (4046),Green Minibus,22.46203923224848,113.99975425710116,Tin Shui Wai
458,Green minibus stop (4043),Green Minibus,22.461849689974287,113.99984194035636,Tin Shui Wai
459,Green minibus stop (4608),Green Minibus,22.46323596309579,114.0041054698658,Tin Shui Wai
460,Green minibus stop (669),Green Minibus,22.449679934224022,114.00282045809242,Tin Shui Wai
461,PING YAN COURT (YL612),Bus,22.445968,114.004694,Tin Shui Wai
462,Green minibus stop (666),Green Minibus,22.45235245176966,114.0023702254718,Tin Shui Wai
463,TIN SHUI WAI POLICE STATION (TN207),Bus,22.450265,114.002493,Tin Shui Wai
464,TIN SHUI ESTATE (TN507),Bus,22.456488,113.999426,Tin Shui Wai
465,TIN HENG ESTATE BUS TERMINUS (TN970),Bus,22.469374,113.999642,Tin Shui Wai
466,CHESTWOOD COURT (TN560),Bus,22.459968,114.00025,Tin Shui Wai
467,MAYWOOD COURT (TN536),Bus,22.461038,114.004351,Tin Shui Wai
468,YIU FUNG HOUSE TIN YIU ESTATE (TN230),Bus,22.453046,114.005926,Tin Shui Wai
469,CHESTWOOD COURT (TN260),Bus,22.459554,114.00005,Tin Shui Wai
470,TIN HENG ESTATE BUS TERMINUS (TN972),Bus,22.469471,113.999708,Tin Shui Wai
471,QESOSA TONG KWOK WAH SECONDARY SCHOOL (TN553),Bus,22.462276,114.006455,Tin Shui Wai
472,TIN YAU COURT (TN593),Bus,22.450491,114.006277,Tin Shui Wai
473,TIN SHUI WAI TOWN CENTRE (TN942),Bus,22.458165,114.002391,Tin Shui Wai
474,TIN CHUNG COURT (TN505),Bus,22.46074,113.997118,Tin Shui Wai
475,TIN SHUI ESTATE (TN508),Bus,22.456421,113.99946,Tin Shui Wai
476,TIN YAU COURT (TN592),Bus,22.4504,114.006198,Tin Shui Wai
477,TIN SHUI WAI TOWN CENTRE (TN941),Bus,22.458165,114.002391,Tin Shui Wai
478,TIN TSZ BUS TERMINUS (TN900),Bus,22.453535,114.006997,Tin Shui Wai
479,TIN FU BUS TERMINUS (TN960),Bus,22.46241,113.998494,Tin Shui Wai
480,TIN SHUI WAI STATION BUS TERMINUS (TN910),Bus,22.446542,114.004007,Tin Shui Wai
481,TIN YAN ESTATE BUS TERMINUS (TN950),Bus,22.462329,113.996618,Tin Shui Wai
482,TIN YIU BUS TERMINUS (TN922),Bus,22.450649,114.002881,Tin Shui Wai
483,YIU MAN HOUSE TIN YIU ESTATE (TN583),Bus,22.449527,114.003212,Tin Shui Wai
484,TIN SHUI BUS TERMINUS (TN931),Bus,22.455403,113.998828,Tin Shui Wai
485,TIN SHUI WAI PLAYGROUND (TN213),Bus,22.453786,114.004552,Tin Shui Wai
486,KENSWOOD COURT (TN240),Bus,22.458758,114.005056,Tin Shui Wai
487,LYNWOOD COURT (TN251),Bus,22.460342,114.004668,Tin Shui Wai
488,VIANNI COVE (TN254),Bus,22.465772,114.004797,Tin Shui Wai
489,YAT YEUNG HOUSE TIN YAT ESTATE (TN521),Bus,22.465611,113.99992,Tin Shui Wai
490,CHING PIK HOUSE TIN CHING ESTATE (TN522),Bus,22.464455,114.003373,Tin Shui Wai
491,TSUI SING LAU (TN201),Bus,22.449187,114.005526,Tin Shui Wai
492,TIN SHING COURT (TN206),Bus,22.449499,114.002938,Tin Shui Wai
493,TIN SHUI WAI PARK (TN220),Bus,22.454842,114.001827,Tin Shui Wai
494,TIN SHUI ESTATE (TN223),Bus,22.456855,113.998947,Tin Shui Wai
495,LYNWOOD COURT TIN SHING ROAD (TN601),Bus,22.458915,114.003616,Tin Shui Wai
496,TIN WAH ESTATE (TN225),Bus,22.460314,113.997,Tin Shui Wai
497,TIN CHUNG COURT (TN504),Bus,22.461099,113.997082,Tin Shui Wai
498,TIN SHUI BUS TERMINUS (TN930),Bus,22.455359,113.998857,Tin Shui Wai
499,TIN SHUI WAI PARK (TN510),Bus,22.454484,114.00297,Tin Shui Wai
500,YIU SHING HOUSE TIN YIU ESTATE (TN571),Bus,22.452235,114.002089,Tin Shui Wai
501,YIU MAN HOUSE TIN YIU ESTATE (TN582),Bus,22.44965,114.00316,Tin Shui Wai
502,TIN YAU COURT (TN591),Bus,22.450324,114.00612,Tin Shui Wai
503,TIN SHUI WAI STATION BUS TERMINUS (TN911),Bus,22.445907,114.004527,Tin Shui Wai
504,TIN YIU BUS TERMINUS (TN920),Bus,22.450692,114.003006,Tin Shui Wai
505,SHERWOOD COURT (TN210),Bus,22.452438,114.001971,Tin Shui Wai
506,TIN SHUI WAI TOWN CENTRE (TN940),Bus,22.458165,114.002391,Tin Shui Wai
507,YIU MAN HOUSE TIN YIU ESTATE (TN581),Bus,22.449714,114.003125,Tin Shui Wai
508,TIN HENG ESTATE BUS TERMINUS (TN971),Bus,22.469439,113.99968,Tin Shui Wai
509,TIN FU BUS TERMINUS (TN961),Bus,22.462304,113.998496,Tin Shui Wai
510,KENSWOOD COURT (TN241),Bus,22.458691,114.00498,Tin Shui Wai
511,LYNWOOD COURT (TN250),Bus,22.460342,114.004668,Tin Shui Wai
512,CHING WAN HOUSE TIN CHING ESTATE (TN253),Bus,22.463125,114.00391,Tin Shui Wai
513,VIANNI COVE (TN255),Bus,22.465381,114.004643,Tin Shui Wai
514,TIN FU BUS TERMINUS (TN962),Bus,22.462576,113.998729,Tin Shui Wai
515,TIN CHUNG COURT (TN506),Bus,22.460486,113.997244,Tin Shui Wai
516,TIN SHUI ESTATE (TN509),Bus,22.456381,113.999479,Tin Shui Wai
517,TIN SHUI WAI PARK (TN511),Bus,22.454484,114.00297,Tin Shui Wai
518,TIN YAU COURT (TN590),Bus,22.450255,114.006067,Tin Shui Wai
519,SHERWOOD COURT (TN211),Bus,22.452473,114.002031,Tin Shui Wai
520,TIN SHUI WAI PARK (TN221),Bus,22.454823,114.001892,Tin Shui Wai
521,TIN WAH ESTATE (TN224),Bus,22.46029,113.997108,Tin Shui Wai
522,TIN FU BUS TERMINUS (TN963),Bus,22.462576,113.998729,Tin Shui Wai
523,HKFYG LEE SHAU KEE COLLEGE (TN532),Bus,22.463615,114.004184,Tin Shui Wai
524,MAYWOOD COURT (TN534),Bus,22.461038,114.004351,Tin Shui Wai
525,TIN LUNG ROAD (TN538),Bus,22.459608,114.005541,Tin Shui Wai
526,TIN TSZ BUS TERMINUS (TN903),Bus,22.453535,114.006997,Tin Shui Wai
527,NANG FU HOUSE TIN FU COURT (TN281),Bus,22.465044,114.000689,Tin Shui Wai
528,YAT YEUNG HOUSE TIN YAT ESTATE (TN520),Bus,22.465611,113.99992,Tin Shui Wai
529,Green minibus stop (667),Green Minibus,22.450098644543303,114.00591902318013,Tin Shui Wai
530,TIN SHUI ESTATE (TN222),Bus,22.456987,113.998854,Tin Shui Wai
531,MAYWOOD COURT (TN537),Bus,22.4598,114.0053,Tin Shui Wai
532,TIN SHING COURT (TN205),Bus,22.449499,114.002938,Tin Shui Wai
533,YIU SHING HOUSE TIN YIU ESTATE (TN572),Bus,22.452259,114.002123,Tin Shui Wai
534,HONG KONG WETLAND PARK (TN401),Bus,22.469054,114.002796,Tin Shui Wai
535,YAT TAM HOUSE TIN YAT ESTATE (TN500),Bus,22.468468,113.999554,Tin Shui Wai
536,YAN FU HOUSE TIN FU COURT (TN502),Bus,22.464421,113.997485,Tin Shui Wai
537,TIN YUET ESTATE (TN551),Bus,22.462138,113.999663,Tin Shui Wai
538,TIN SHUI WAI TOWN CENTRE (TN945),Bus,22.458165,114.002391,Tin Shui Wai
539,"Lynwood Court, Tin Shing Road (TN600)",Bus,22.458915,114.003616,Tin Shui Wai
540,KENSWOOD COURT (TN603),Bus,22.457564,114.005385,Tin Shui Wai
541,TIN TSZ ESTATE (TN605),Bus,22.453013,114.006244,Tin Shui Wai
542,TSUI SING LAU (TN200),Bus,22.449187,114.005526,Tin Shui Wai
543,YIU MAN HOUSE TIN YIU ESTATE (TN580),Bus,22.449585,114.003182,Tin Shui Wai
544,TIN SHUI WAI STATION (YL613),Bus,22.446719,114.003014,Tin Shui Wai
545,YIU FUNG HOUSE TIN YIU ESTATE (TN231),Bus,22.453161,114.005882,Tin Shui Wai
546,HARBOUR PLAZA RESORT CITY (TN232),Bus,22.458556,114.003463,Tin Shui Wai
547,TIN SHUI WAI TOWN CENTRE (TN944),Bus,22.458165,114.002391,Tin Shui Wai
548,CHUNG KI HOUSE TIN CHUNG COURT (TN272),Bus,22.461778,114.000401,Tin Shui Wai
549,TIN YAN ESTATE (TN227),Bus,22.464277,113.997257,Tin Shui Wai
550,TIN CHAK ESTATE (TN228),Bus,22.468157,113.999204,Tin Shui Wai
551,HONG KONG WETLAND PARK (TN301),Bus,22.469712,114.002847,Tin Shui Wai
552,TIN TSZ BUS TERMINUS (TN902),Bus,22.453497,114.007034,Tin Shui Wai
553,YIU SHING HOUSE TIN YIU ESTATE (TN570),Bus,22.452329,114.002285,Tin Shui Wai
554,TIN SHUI WAI STATION (YL113),Bus,22.446518,114.001899,Tin Shui Wai
555,HKFYG LEE SHAU KEE COLLEGE (TN533),Bus,22.463244,114.00408,Tin Shui Wai
556,JU CHING CHU SECONDARY SCHOOL (TN212),Bus,22.453055,114.003203,Tin Shui Wai
557,NANG FU HOUSE TIN FU COURT (TN280),Bus,22.465044,114.000689,Tin Shui Wai
558,Green minibus stop (499),Green Minibus,22.44596144701247,114.0047291826286,Tin Shui Wai
559,Green minibus stop (501),Green Minibus,22.44686248862199,114.00286283258438,Tin Shui Wai
560,Green minibus stop (502),Green Minibus,22.445916636438007,114.005049823579,Tin Shui Wai
561,Green minibus stop (664),Green Minibus,22.45654833594845,113.99938232988006,Tin Shui Wai
562,VIANNI COVE (TN530),Bus,22.465728,114.005017,Tin Shui Wai
563,TIN SHUI WAI STATION (YL614),Bus,22.446593,114.002955,Tin Shui Wai
564,SHEUNG CHEUNG WAI (YL114),Bus,22.445889,114.005093,Tin Shui Wai
565,TIN YAN ESTATE BUS TERMINUS (TN951),Bus,22.462265,113.996616,Tin Shui Wai
566,TIN YAN ESTATE (TN226),Bus,22.464231,113.997238,Tin Shui Wai
567,TIN CHAK ESTATE (TN229),Bus,22.468122,113.999172,Tin Shui Wai
568,HONG KONG WETLAND PARK (TN300),Bus,22.469846,114.002807,Tin Shui Wai
569,WETLAND PARK ROAD (TN302),Bus,22.465625,114.006797,Tin Shui Wai
570,MAYWOOD COURT TIN WAH ROAD (TN270),Bus,22.462053,114.005688,Tin Shui Wai
571,TIN SHUI WAI STATION (YL112),Bus,22.446972,114.002893,Tin Shui Wai
572,KENSWOOD COURT (TN602),Bus,22.457409,114.005641,Tin Shui Wai
573,TIN YUET ESTATE (TN550),Bus,22.462116,113.999081,Tin Shui Wai
574,MAYWOOD COURT (TN535),Bus,22.461038,114.004351,Tin Shui Wai
575,TIN YAN ESTATE BUS TERMINUS (TN952),Bus,22.462329,113.996618,Tin Shui Wai
576,CHING CHOI HOUSE TIN CHING ESTATE (TN552),Bus,22.462273,114.002606,Tin Shui Wai
577,CHING WAN HOUSE TIN CHING ESTATE (TN252),Bus,22.463713,114.003961,Tin Shui Wai
578,YAT TAM HOUSE TIN YAT ESTATE (TN501),Bus,22.468468,113.999554,Tin Shui Wai
579,YAN FU HOUSE TIN FU COURT (TN503),Bus,22.464353,113.99753,Tin Shui Wai
580,HONG KONG WETLAND PARK (TN402),Bus,22.46955,114.002584,Tin Shui Wai
581,Green minibus stop (665),Green Minibus,22.454385183074898,114.00319348297256,Tin Shui Wai
582,WETLAND PARK ROAD (TN400),Bus,22.465603,114.006451,Tin Shui Wai
583,CHUNG KI HOUSE TIN CHUNG COURT (TN271),Bus,22.461778,114.000401,Tin Shui Wai
584,TIN SHUI WAI TOWN CENTRE (TN943),Bus,22.458101,114.001781,Tin Shui Wai
585,TIN TSZ ESTATE (TN604),Bus,22.453091,114.006201,Tin Shui Wai
586,Yuen Long West (LR Fung Nin Road Stop),MTR Bus,22.445181,114.024919,Yuen Long
587,Tai Kiu Tsuen (MTR Long Ping Station),MTR Bus,22.447489,114.026856,Yuen Long
588,Yuen Long On Ning Road,MTR Bus,22.446162,114.026731,Yuen Long
589,"Chu Ping House, Long Ping Estate",MTR Bus,22.451408,114.025329,Yuen Long
590,Wai Chow School,MTR Bus,22.449497,114.02552,Yuen Long
591,Tai Kiu Tsuen (MTR Long Ping Station),MTR Bus,22.447538,114.026826,Yuen Long
592,"Chu Ping House, Long Ping Estate",MTR Bus,22.451434,114.025324,Yuen Long
593,Wai Chow School,MTR Bus,22.449497,114.025532,Yuen Long
594,Yuen Long On Ning Road,MTR Bus,22.446157,114.026583,Yuen Long
595,Yuen Long Plaza (LR Fung Nin Road Stop),MTR Bus,22.444676,114.023705,Yuen Long
596,Yuen Long Town Hall,MTR Bus,22.443644,114.022164,Yuen Long
597,Yuen Long Swimming Pool,MTR Bus,22.44149722,114.0221389,Yuen Long
598,Springdale Villas,MTR Bus,22.440407,114.021312,Yuen Long
599,Villa Art Deco,MTR Bus,22.440088,114.019048,Yuen Long
600,Fung Chi Tsuen,MTR Bus,22.448299,114.018562,Yuen Long
601,Fung Chi Tsuen,MTR Bus,22.44845,114.018634,Yuen Long
602,Fung Chi Tsuen,MTR Bus,22.448467,114.018601,Yuen Long
603,HONG LOK ROAD YUEN LONG (S10) (YL254),Bus,22.444365,114.026102,Yuen Long
604,Yuen Long Home for the Aged Blind,MTR Bus,22.445968,114.022572,Yuen Long
605,YOHO MALL II (YL390),Bus,22.446616,114.035376,Yuen Long
606,TUNG LOK STREET YUEN LONG (N9) (YL369),Bus,22.444617,114.028259,Yuen Long
607,YUEN LONG (WEST) BUS TERMINUS (YL945),Bus,22.445364,114.024859,Yuen Long
608,KUK TING STREET YUEN LONG (N14) (YL375),Bus,22.44458,114.030435,Yuen Long
609,HI LEE PATH YUEN LONG (N6) (YL365),Bus,22.444662,114.025534,Yuen Long
610,SHUI PIN WAI ESTATE (YL358),Bus,22.444573,114.019835,Yuen Long
611,YUEN LONG PARK (YL261),Bus,22.444092,114.018874,Yuen Long
612,SHUI PIN TSUEN (YL259),Bus,22.444444,114.021349,Yuen Long
613,YUEN LONG POLICE STATION (S14) (YL258),Bus,22.444452,114.023955,Yuen Long
614,Park Royale,MTR Bus,22.442503,114.017663,Yuen Long
615,YAU SAN STREET YUEN LONG (S4) (YL248),Bus,22.444299,114.030887,Yuen Long
616,YOHO MALL (YUEN LONG) (YL400),Bus,22.445065,114.036445,Yuen Long
617,Wai Chow School,MTR Bus,22.449502,114.025527,Yuen Long
618,Tai Kiu Tsuen (MTR Long Ping Station),MTR Bus,22.447487,114.026853,Yuen Long
619,MTR Yuen Long Station (Long Yat Road) (MTR Yuen Long Station),MTR Bus,22.446625,114.0349444,Yuen Long
620,Yuen Long Landmark,MTR Bus,22.4444,114.02836,Yuen Long
621,Yuen Long Plaza (LR Fung Nin Road Stop),MTR Bus,22.44467,114.023718,Yuen Long
622,Long Ping (Bus Terminus),MTR Bus,22.450549,114.022688,Yuen Long
623,Yuen Long Park,MTR Bus,22.44193,114.02007,Yuen Long
624,On Hong Road,MTR Bus,22.44302568,114.0230108,Yuen Long
625,Silver Field Garden,MTR Bus,22.43953,114.02226,Yuen Long
626,Long Ping,MTR Bus,22.45078121,114.0229286,Yuen Long
627,Kuk Ting Street,MTR Bus,22.44441197,114.030327,Yuen Long
628,Yuen Long Landmark,MTR Bus,22.44446897,114.02828,Yuen Long
629,Yuen Long Plaza,MTR Bus,22.44457601,114.023787,Yuen Long
630,LR Shui Pin Wai Stop,MTR Bus,22.44457601,114.019733,Yuen Long
631,Yuen Long Park,MTR Bus,22.44416303,114.018772,Yuen Long
632,LR Shui Pin Wai Stop,MTR Bus,22.44449303,114.02119,Yuen Long
633,Yuen Long Police Station,MTR Bus,22.44449303,114.024142,Yuen Long
634,Yeung Uk Tsuen,MTR Bus,22.45134693,114.0254022,Yuen Long
635,Hong Lok Road,MTR Bus,22.44478103,114.026429,Yuen Long
636,Long Ping,MTR,22.447679,114.025488,Yuen Long
637,Shui Pin Wai,LRT,22.444449,114.019857,Yuen Long
638,Tai Tong Road,LRT,22.44452,114.029015,Yuen Long
639,Hong Lok Road,LRT,22.44461,114.02691,Yuen Long
640,Tai Tong Road,MTR Bus,22.4446245,114.028421,Yuen Long
641,Yau San Street,MTR Bus,22.44451201,114.0315245,Yuen Long
642,Yuen Long Station (LR Yuen Long Stop) (MTR Yuen Long Station),MTR Bus,22.446443,114.034518,Yuen Long
643,YOHO MALL I (YL408),Bus,22.445065,114.036445,Yuen Long
644,Yuen Long,MTR,22.446088,114.03477,Yuen Long
645,Ping Cheong Path (MTR Long Ping Station),MTR Bus,22.447672,114.023295,Yuen Long
646,Yuen Long Home for the Aged Blind,MTR Bus,22.446002,114.022607,Yuen Long
647,Yuen Long Town Hall (LR Fung Nin Road Stop),MTR Bus,22.4434668,114.0223167,Yuen Long
648,Yuen Long Theatre,MTR Bus,22.441306,114.02224,Yuen Long
649,Lut Sau Hall (LR Fung Nin Road Stop),MTR Bus,22.442588,114.022245,Yuen Long
650,Ping Cheong Path (MTR Long Ping Station),MTR Bus,22.447648,114.023001,Yuen Long
651,Yeung Uk Tsuen,MTR Bus,22.451379,114.025576,Yuen Long
652,"Chu Ping House, Long Ping Estate",MTR Bus,22.451414,114.025334,Yuen Long
653,Wai Chow School,MTR Bus,22.449515,114.025532,Yuen Long
654,"Yuet Ping House, Long Ping Estate (MTR Long Ping Station)",MTR Bus,22.44785153,114.0227269,Yuen Long
655,"Hong Shui House, Shui Pin Wai Estate",MTR Bus,22.44613943,114.0213445,Yuen Long
656,Yuen Long Town Hall (LR Fung Nin Road Stop),MTR Bus,22.44362078,114.0222338,Yuen Long
657,Citi Mall,MTR Bus,22.44298197,114.0278032,Yuen Long
658,Manhattan Plaza,MTR Bus,22.44119428,114.0293385,Yuen Long
659,Hang Heung Cake Shop,MTR Bus,22.43836882,114.0294482,Yuen Long
660,Sereno Verde,MTR Bus,22.43724051,114.0295783,Yuen Long
661,Fraser Village,MTR Bus,22.43543081,114.0287164,Yuen Long
662,Fraser Village,MTR Bus,22.435406,114.0287683,Yuen Long
663,Sereno Verde,MTR Bus,22.436903,114.029411,Yuen Long
664,Manhattan Plaza,MTR Bus,22.44120404,114.0294022,Yuen Long
665,Yuen Long Commercial Centre,MTR Bus,22.44297,114.027754,Yuen Long
666,On Hong Road,MTR Bus,22.44306167,114.0236577,Yuen Long
667,South Yuen Long Government Primary School,MTR Bus,22.438801,114.02024,Yuen Long
668,YOHO MALL I (A3) (YL242),Bus,22.444324,114.035984,Yuen Long
669,YUEN LONG (WEST) BUS TERMINUS (YL944),Bus,22.44552,114.024812,Yuen Long
670,TAI TONG ROAD YUEN LONG (S8) (YL252),Bus,22.444344,114.028219,Yuen Long
671,Green minibus stop (3141),Green Minibus,22.43781667810125,114.02331269666912,Yuen Long
672,Green minibus stop (2972),Green Minibus,22.44393432113188,114.02761924092226,Yuen Long
673,Green minibus stop (2971),Green Minibus,22.44516843000275,114.03422389886016,Yuen Long
674,Green minibus stop (2970),Green Minibus,22.444341411756607,114.0188853678262,Yuen Long
675,Green minibus stop (2964),Green Minibus,22.44393432113188,114.02761924092226,Yuen Long
676,Green minibus stop (2117),Green Minibus,22.44319754119002,114.02197588450716,Yuen Long
677,Green minibus stop (1884),Green Minibus,22.446158385019967,114.0304341369112,Yuen Long
678,Green minibus stop (1803),Green Minibus,22.440516509000457,114.03282007352853,Yuen Long
679,Green minibus stop (1654),Green Minibus,22.440122993322834,114.03717249668514,Yuen Long
680,Green minibus stop (1653),Green Minibus,22.43512817556076,114.03604096059806,Yuen Long
681,Green minibus stop (1563),Green Minibus,22.446271218696893,114.03544683004388,Yuen Long
682,Green minibus stop (1539),Green Minibus,22.447542952317335,114.02383630868192,Yuen Long
683,Green minibus stop (1297),Green Minibus,22.447473418084865,114.02672169018707,Yuen Long
684,Green minibus stop (1296),Green Minibus,22.44433444178337,114.03065948741748,Yuen Long
685,Green minibus stop (1256),Green Minibus,22.4442959075644,114.01852597882086,Yuen Long
686,Green minibus stop (951),Green Minibus,22.446613991332956,114.03500931767016,Yuen Long
687,Green minibus stop (867),Green Minibus,22.444402477120587,114.02608383032928,Yuen Long
688,Green minibus stop (862),Green Minibus,22.443899868360518,114.02943590508988,Yuen Long
689,Green minibus stop (668),Green Minibus,22.44459414243132,114.02826941550192,Yuen Long
690,Green minibus stop (514),Green Minibus,22.44292741676311,114.0325747218046,Yuen Long
691,Green minibus stop (513),Green Minibus,22.444368961718137,114.0289011054524,Yuen Long
692,Green minibus stop (3142),Green Minibus,22.442758321687396,114.0254250208257,Yuen Long
693,Green minibus stop (512),Green Minibus,22.44433495100401,114.0312229345902,Yuen Long
694,Green minibus stop (3143),Green Minibus,22.443179929735063,114.03219559378708,Yuen Long
695,Green minibus stop (3145),Green Minibus,22.44292300327117,114.02771746784389,Yuen Long
696,Green minibus stop (3389),Green Minibus,22.448433813240264,114.0301694460925,Yuen Long
697,Green minibus stop (3388),Green Minibus,22.44563803004054,114.02436299229386,Yuen Long
698,Green minibus stop (3387),Green Minibus,22.44604644884148,114.02654836078094,Yuen Long
699,Green minibus stop (3386),Green Minibus,22.44883162758968,114.03069363387844,Yuen Long
700,Green minibus stop (3385),Green Minibus,22.4496636694506,114.0320722901026,Yuen Long
701,Green minibus stop (3384),Green Minibus,22.4492133107784,114.03337456169452,Yuen Long
702,Green minibus stop (3383),Green Minibus,22.449592173292498,114.03290785279604,Yuen Long
703,Green minibus stop (3382),Green Minibus,22.45188332720667,114.0300492363975,Yuen Long
704,Green minibus stop (3381),Green Minibus,22.44925738764224,114.03216986143072,Yuen Long
705,Green minibus stop (3370),Green Minibus,22.450766844948426,114.03371299076164,Yuen Long
706,Green minibus stop (3369),Green Minibus,22.45227641517323,114.03540188091222,Yuen Long
707,Green minibus stop (3368),Green Minibus,22.44666717120053,114.03387263443554,Yuen Long
708,Green minibus stop (3367),Green Minibus,22.443792993943323,114.03107778164562,Yuen Long
709,Green minibus stop (3366),Green Minibus,22.45227641517323,114.03540188091222,Yuen Long
710,Green minibus stop (3348),Green Minibus,22.446302563051017,114.03009396924246,Yuen Long
711,Green minibus stop (3187),Green Minibus,22.444377036234137,114.02786163278984,Yuen Long
712,Green minibus stop (3178),Green Minibus,22.446614119302524,114.0351550391746,Yuen Long
713,Green minibus stop (3177),Green Minibus,22.44461876204643,114.02560757953042,Yuen Long
714,Green minibus stop (3176),Green Minibus,22.44589817680758,114.02253634016571,Yuen Long
715,Green minibus stop (3175),Green Minibus,22.450630773645766,114.02322087278144,Yuen Long
716,Green minibus stop (3147),Green Minibus,22.437132465106835,114.0255379810996,Yuen Long
717,Green minibus stop (3144),Green Minibus,22.441787341459094,114.03008900451162,Yuen Long
718,Green minibus stop (511),Green Minibus,22.444310651010525,114.03435106582724,Yuen Long
719,Green minibus stop (508),Green Minibus,22.44645080187192,114.03428087629796,Yuen Long
720,Green minibus stop (507),Green Minibus,22.444569364726263,114.03080496071593,Yuen Long
721,YOHO MALL II (YL393),Bus,22.44658,114.035512,Yuen Long
722,YOHO MALL I (YL405),Bus,22.445065,114.036445,Yuen Long
723,LONG PING STATION (YL931),Bus,22.449321,114.027066,Yuen Long
724,WANG FU COURT (YL175),Bus,22.450569,114.028486,Yuen Long
725,CHU PING HOUSE LONG PING ESTATE (YL151),Bus,22.451349,114.025322,Yuen Long
726,LONG PING ESTATE (YL926),Bus,22.450382,114.022806,Yuen Long
727,LONG PING ESTATE (YL922),Bus,22.450382,114.022806,Yuen Long
728,YUK YAT GARDEN (YL203),Bus,22.451304,114.025599,Yuen Long
729,YUEN LONG PLAZA (N4) (YL363),Bus,22.444678,114.023858,Yuen Long
730,KUK TING STREET YUEN LONG (N18) (YL379),Bus,22.444518,114.031179,Yuen Long
731,YUEN LONG STATION BUS TERMINUS (YL961),Bus,22.446096,114.034273,Yuen Long
732,YOHO MALL I (YL402),Bus,22.445065,114.036445,Yuen Long
733,YOHO MALL I (YL401),Bus,22.445065,114.036445,Yuen Long
734,YUEN LONG PLAZA (N3) (YL362),Bus,22.444678,114.023992,Yuen Long
735,SAN SHUI HOUSE (YL227),Bus,22.446214,114.019943,Yuen Long
736,SHUI PIN WAI ESTATE (YL357),Bus,22.444541,114.019732,Yuen Long
737,YUEN LONG (TAK YIP STREET) B/T (YL981),Bus,22.451245,114.030972,Yuen Long
738,HONG SHUI HOUSE SHUI PIN WAI ESTATE (YL136),Bus,22.446116,114.021258,Yuen Long
739,YUEN LONG STATION (YL960),Bus,22.446096,114.034273,Yuen Long
740,YUEN LONG (WEST) BUS TERMINUS (YL942),Bus,22.445453,114.024767,Yuen Long
741,"Chu Ping House, Long Ping Estate",MTR Bus,22.451421,114.025317,Yuen Long
742,KUK TING STREET (N17) (YL378),Bus,22.444578,114.030375,Yuen Long
743,THE FAMILY PLANNING ASSOCIATION OF HK (YL221),Bus,22.445861,114.022618,Yuen Long
744,FUNG CHI TSUEN (YL141),Bus,22.446441,114.019456,Yuen Long
745,YUEN LONG PARK (YL262),Bus,22.444081,114.018759,Yuen Long
746,Green minibus stop (497),Green Minibus,22.44592323227796,114.03003607996408,Yuen Long
747,Green minibus stop (496),Green Minibus,22.444628527711718,114.02639445433788,Yuen Long
748,Green minibus stop (495),Green Minibus,22.445361451000124,114.02796744298288,Yuen Long
749,Green minibus stop (493),Green Minibus,22.44435529661955,114.02392723675396,Yuen Long
750,YAU SAN STREET YUEN LONG (S2) (YL246),Bus,22.444293,114.031066,Yuen Long
751,TUNG LOK STREET YUEN LONG (N10) (YL370),Bus,22.444616,114.028298,Yuen Long
752,YOHO MALL I (A1) (YL240),Bus,22.444324,114.035984,Yuen Long
753,FUNG CHEUNG ROAD,Bus,22.442996,114.032671,Yuen Long
754,TUNG TAI STREET,Bus,22.445662,114.031821,Yuen Long
755,FUNG CHEUNG ROAD,Bus,22.442951,114.032667,Yuen Long
756,Green minibus stop (3474),Green Minibus,22.43987134290724,114.01888071440958,Yuen Long
757,TUNG TAI STREET (NR945),Bus,22.445662,114.031821,Yuen Long
758,KUK TING STREET YUEN LONG (N15) (YL376),Bus,22.444525,114.030933,Yuen Long
759,YOHO MALL I (YL405),Bus,22.445065,114.036445,Yuen Long
760,YUEN LONG PARK BUS TERMINUS (YL953),Bus,22.442051,114.020163,Yuen Long
761,YUEN LONG (TAK YIP STREET) (YL982),Bus,22.451245,114.030972,Yuen Long
762,YOHO MALL I (A2) (YL241),Bus,22.444276,114.03604,Yuen Long
763,YAU SAN STREET (S1) (YL245),Bus,22.444292,114.03117,Yuen Long
764,TAI TONG ROAD (S6) (YL250),Bus,22.444354,114.028391,Yuen Long
765,HONG LOK ROAD (S11) (YL255),Bus,22.444383,114.02605,Yuen Long
766,YUEN LONG POLICE STATION (S13) (YL257),Bus,22.444466,114.023938,Yuen Long
767,SHUI PIN TSUEN (YL260),Bus,22.444568,114.02114,Yuen Long
768,YUEN LONG (WEST) BUS TERMINUS (YL941),Bus,22.445432,114.024608,Yuen Long
769,YAU SAN STREET YUEN LONG (S5) (YL249),Bus,22.4443,114.030811,Yuen Long
770,Green minibus stop (3476),Green Minibus,22.4400611148333,114.01901649996611,Yuen Long
771,Green minibus stop (3482),Green Minibus,22.44395241789414,114.02765807991622,Yuen Long
772,MA TIN POK (YL511),Bus,22.437599,114.028938,Yuen Long
773,MA TIN TSUEN (YL512),Bus,22.437879,114.023474,Yuen Long
774,EMERALD GREEN (YL513),Bus,22.438681,114.019983,Yuen Long
775,YUEN LONG PARK BUS TERMINUS (YL952),Bus,22.442051,114.020163,Yuen Long
776,YUEN LONG PARK BUS TERMINUS (YL951),Bus,22.442051,114.020163,Yuen Long
777,YUEN LONG (WEST) BUS TERMINUS (YL947),Bus,22.445524,114.024917,Yuen Long
778,TUNG LOK STREET YUEN LONG (N8) (YL368),Bus,22.444569,114.027507,Yuen Long
779,KUK TING STREET YUEN LONG (N16) (YL377),Bus,22.444575,114.03102,Yuen Long
780,YOHO MALL I (YL404),Bus,22.445065,114.036445,Yuen Long
781,HI LEE PATH YUEN LONG (N7) (YL367),Bus,22.444661,114.025612,Yuen Long
782,TUNG LOK STREET YUEN LONG (N11) (YL371),Bus,22.444616,114.028346,Yuen Long
783,YOHO MALL II (YL392),Bus,22.446646,114.035151,Yuen Long
784,YUEN LONG (WEST) BUS TERMINUS (YL943),Bus,22.44552,114.024812,Yuen Long
785,LONG PING STATION (YL170),Bus,22.44936,114.02724,Yuen Long
786,WANG FU COURT (YL176),Bus,22.450569,114.028486,Yuen Long
787,TAK YIP STREET (YL207),Bus,22.451602,114.030521,Yuen Long
788,ONE REGENT PLACE (YL211),Bus,22.449239,114.030961,Yuen Long
789,YOHO MIX (Platform Y1) (YL243),Bus,22.444403,114.034469,Yuen Long
790,YAU SAN STREET YUEN LONG (S3) (YL247),Bus,22.444298,114.03097,Yuen Long
791,TAI TONG ROAD YUEN LONG (S9) (YL253),Bus,22.444356,114.027829,Yuen Long
792,YUEN LONG POLICE STATION (S12) (YL256),Bus,22.444429,114.023959,Yuen Long
793,SERENO VERDE (YL510),Bus,22.4382,114.030793,Yuen Long
794,FUNG CHI TSUEN (YL140),Bus,22.446363,114.019325,Yuen Long
795,RESIDENCE 88 (YL505),Bus,22.439208,114.032269,Yuen Long
796,YOHO MIX (C1) (YL244),Bus,22.44452,114.033402,Yuen Long
797,TUNG LOK STREET YUEN LONG (N12) (YL372),Bus,22.444616,114.028395,Yuen Long
798,YUEN LONG PLAZA (N2) (YL360),Bus,22.444681,114.023872,Yuen Long
799,YOHO MALL I (YL407),Bus,22.445282,114.0365,Yuen Long
800,LONG PING ESTATE BUS TERMINUS (YL920),Bus,22.450544,114.022894,Yuen Long
801,THE FAMILY PLANNING ASSOCIATION OF HK (YL220),Bus,22.445861,114.022618,Yuen Long
802,VILLA BY THE PARK (YL356),Bus,22.444345,114.018502,Yuen Long
803,YUEN LONG PLAZA (N1) (YL359),Bus,22.444678,114.023992,Yuen Long
804,YUET PING HOUSE LONG PING ESTATE (YL142),Bus,22.447786,114.022971,Yuen Long
805,CHU PING HOUSE LONG PING ESTATE (YL150),Bus,22.451349,114.025322,Yuen Long
806,LONG PING ESTATE BUS TERMINUS (YL923),Bus,22.450969,114.023033,Yuen Long
807,YUEN LONG PARK BUS TERMINUS (YL954),Bus,22.442051,114.020163,Yuen Long
808,PARK ROYALE (YL280),Bus,22.442417,114.017772,Yuen Long
809,VILLA ART DECO (YL285),Bus,22.440092,114.018928,Yuen Long
810,EMERALD GREEN (YL290),Bus,22.438894,114.019918,Yuen Long
811,MA TIN TSUEN (YL291),Bus,22.438144,114.023016,Yuen Long
812,MA TIN POK (YL292),Bus,22.437594,114.028462,Yuen Long
813,SERENO VERDE (YL293),Bus,22.438365,114.0309,Yuen Long
814,RESIDENCE 88 (YL295),Bus,22.439635,114.03212,Yuen Long
815,FUNG TING COURT (YL300),Bus,22.442539,114.032211,Yuen Long
816,YOHO MALL II (YL394),Bus,22.44666,114.035043,Yuen Long
817,YOHO MALL I (YL403),Bus,22.445065,114.036445,Yuen Long
818,HOP YICK ROAD (YL500),Bus,22.442067,114.032262,Yuen Long
819,ONE REGENT PLACE (YL161),Bus,22.449614,114.031081,Yuen Long
820,YUEN LONG (TAK YIP STREET) (YL980),Bus,22.451245,114.030972,Yuen Long
821,TAK YIP STREET (YL165),Bus,22.451548,114.029261,Yuen Long
822,Green minibus stop (4566),Green Minibus,22.439766082156307,114.02208655062871,Yuen Long
823,Green minibus stop (4565),Green Minibus,22.43720681347331,114.02780128997286,Yuen Long
824,Green minibus stop (4499),Green Minibus,22.446062679894165,114.02459568170866,Yuen Long
825,Green minibus stop (4498),Green Minibus,22.445322651834218,114.02509193821928,Yuen Long
826,Green minibus stop (4496),Green Minibus,22.444259480727982,114.0182151527603,Yuen Long
827,Green minibus stop (4470),Green Minibus,22.444559443736413,114.02982379336449,Yuen Long
828,Green minibus stop (4469),Green Minibus,22.44457593845956,114.02811400078552,Yuen Long
829,Green minibus stop (4468),Green Minibus,22.44461094587312,114.0269093488748,Yuen Long
830,Green minibus stop (4467),Green Minibus,22.444644545931062,114.0242183587338,Yuen Long
831,Green minibus stop (4466),Green Minibus,22.444531932042658,114.01978861227478,Yuen Long
832,Green minibus stop (4254),Green Minibus,22.45193119032964,114.02325830078134,Yuen Long
833,Green minibus stop (4253),Green Minibus,22.45134614190298,114.02529911652653,Yuen Long
834,Green minibus stop (4251),Green Minibus,22.451400597790077,114.02559051052944,Yuen Long
835,Green minibus stop (4250),Green Minibus,22.44887701200833,114.02127981875928,Yuen Long
836,Green minibus stop (4249),Green Minibus,22.445107871558672,114.02718082547727,Yuen Long
837,Green minibus stop (4247),Green Minibus,22.451382135800152,114.02516306594568,Yuen Long
838,Green minibus stop (4087),Green Minibus,22.442936360353144,114.03247756736872,Yuen Long
839,Green minibus stop (4021),Green Minibus,22.44615484103417,114.02657738821377,Yuen Long
840,Green minibus stop (4020),Green Minibus,22.445467129452805,114.02508206635224,Yuen Long
841,Green minibus stop (4004),Green Minibus,22.444586914891666,114.03024149362648,Yuen Long
842,Green minibus stop (4003),Green Minibus,22.445100123051443,114.0285700313072,Yuen Long
843,Green minibus stop (4567),Green Minibus,22.4374568763219,114.02480906924217,Yuen Long
844,Green minibus stop (4596),Green Minibus,22.444382443087367,114.0239854946969,Yuen Long
845,Green minibus stop (4597),Green Minibus,22.44453332209303,114.03089243011291,Yuen Long
846,Green minibus stop (4600),Green Minibus,22.44488460978249,114.02990116789309,Yuen Long
847,TAI KIU TSUEN YUEN LONG (YL216),Bus,22.447448,114.026847,Yuen Long
848,PING CHEONG PATH YUEN LONG (YL225),Bus,22.447583,114.022903,Yuen Long
849,HONG SHUI HOUSE SHUI PIN WAI ESTATE (YL135),Bus,22.446116,114.021258,Yuen Long
850,WAI CHOW SCHOOL (YL146),Bus,22.449433,114.025513,Yuen Long
851,LONG PING ESTATE BUS TERMINUS (YL924),Bus,22.450544,114.022894,Yuen Long
852,FUNG CHI TSUEN LONG PING ROAD (YL186),Bus,22.448286,114.018637,Yuen Long
853,LONG PING ESTATE BUS TERMINUS (YL925),Bus,22.450382,114.022806,Yuen Long
854,HI LEE PATH YUEN LONG (N5) (YL364),Bus,22.444659,114.025457,Yuen Long
855,YOHO MALL II (YL395),Bus,22.446662,114.034928,Yuen Long
856,YUEN LONG (FUNG CHEUNG ROAD) BUS TERMINUS (YL970),Bus,22.44294,114.032453,Yuen Long
857,Green minibus stop (3477),Green Minibus,22.443040389832174,114.02770762784152,Yuen Long
858,YUEN LONG (WEST) BUS TERMINUS (YL940),Bus,22.445504,114.02496,Yuen Long
859,YUK YAT GARDEN (YL204),Bus,22.451304,114.025599,Yuen Long
860,YOHO MALL II (YL391),Bus,22.446632,114.035263,Yuen Long
861,YOHO MALL I (YL409),Bus,22.445065,114.036445,Yuen Long
862,LONG PING STATION BUS TERMINUS (YL932),Bus,22.449321,114.027066,Yuen Long
863,SAN SHUI HOUSE (YL226),Bus,22.446319,114.020138,Yuen Long
864,LONG PING STATION BUS TERMINUS (YL930),Bus,22.449321,114.027066,Yuen Long
865,KUK TING STREET YUEN LONG (N13) (YL374),Bus,22.444579,114.03032,Yuen Long
866,SILVER FIELD GARDEN (YL520),Bus,22.439505,114.022113,Yuen Long
867,HI LEE PATH YUEN LONG (N7) (YL366),Bus,22.444661,114.025612,Yuen Long
868,Green minibus stop (4646),Green Minibus,22.4457939011865,114.03693366587218,Yuen Long
869,TAI TONG ROAD YUEN LONG (S7) (YL251),Bus,22.444342,114.028334,Yuen Long
870,Fung Chi Tsuen,MTR Bus,22.448256,114.018583,Yuen Long
